{
  "$schema": "https://schema.management.azure.com/schemas/2015-01-01/deploymentTemplate.json#",
  "contentVersion": "1.0.0.0",
  "parameters": {
    "appName": {
      "type": "string",
      "metadata": {
        "description": "The name of the function app that you wish to create."
      }
    },
    "storageAccountType": {
      "type": "string",
      "defaultValue": "Standard_LRS",
      "allowedValues": [
        "Standard_LRS",
        "Standard_GRS",
        "Standard_ZRS",
        "Premium_LRS"
      ],
      "metadata": {
        "description": "Storage Account type"
      }
    },
    "proxyTargetUrlAndContainer": {
      "type": "string",
      "metadata": {
        "description": "Path to storage account and container where content files are stored, in the form https://accountname.blob.core.windows.net/ContentFiles. Ensure the container is set to public read access and CORS is enabled on the storage account."
      }
    },
    "repoUrl": {
      "type": "string"
    }
  },
  "variables": {
    "functionAppName": "[concat(parameters('appName'), '-', substring(uniquestring(resourceGroup().id), 0, 6))]",
    "hostingPlanName": "[concat(parameters('appName'), substring(uniquestring(resourceGroup().id), 0, 6))]",
    "storageAccountName": "[concat(substring(uniquestring(resourceGroup().id), 0, 6), 'azfunctions')]",
    "storageAccountid": "[concat(resourceGroup().id,'/providers/','Microsoft.Storage/storageAccounts/', variables('storageAccountName'))]"
  },
  "resources": [
    {
      "type": "Microsoft.Storage/storageAccounts",
      "name": "[variables('storageAccountName')]",
      "apiVersion": "2015-06-15",
      "location": "[resourceGroup().location]",
      "properties": {
        "accountType": "[parameters('storageAccountType')]"
      }
    },
    {
      "type": "Microsoft.Web/serverfarms",
      "apiVersion": "2015-04-01",
      "name": "[variables('hostingPlanName')]",
      "location": "[resourceGroup().location]",
      "properties": {
        "name": "[variables('hostingPlanName')]",
        "computeMode": "Dynamic",
        "sku": "Dynamic"
      }
    },
    {
      "apiVersion": "2015-08-01",
      "type": "Microsoft.Web/sites",
      "name": "[variables('functionAppName')]",
      "location": "[resourceGroup().location]",
      "kind": "functionapp",
      "dependsOn": [
        "[resourceId('Microsoft.Web/serverfarms', variables('hostingPlanName'))]",
        "[resourceId('Microsoft.Storage/storageAccounts', variables('storageAccountName'))]"
      ],
      "properties": {
        "serverFarmId": "[resourceId('Microsoft.Web/serverfarms', variables('hostingPlanName'))]",
        "siteConfig": {
          "appSettings": [
            {
              "name": "AzureWebJobsDashboard",
              "value": "[concat('DefaultEndpointsProtocol=https;AccountName=', variables('storageAccountName'), ';AccountKey=', listKeys(variables('storageAccountid'),'2015-05-01-preview').key1)]"
            },
            {
              "name": "AzureWebJobsStorage",
              "value": "[concat('DefaultEndpointsProtocol=https;AccountName=', variables('storageAccountName'), ';AccountKey=', listKeys(variables('storageAccountid'),'2015-05-01-preview').key1)]"
            },
            {
              "name": "WEBSITE_CONTENTAZUREFILECONNECTIONSTRING",
              "value": "[concat('DefaultEndpointsProtocol=https;AccountName=', variables('storageAccountName'), ';AccountKey=', listKeys(variables('storageAccountid'),'2015-05-01-preview').key1)]"
            },
            {
              "name": "WEBSITE_CONTENTSHARE",
              "value": "[toLower(variables('functionAppName'))]"
            },
            {
              "name": "PROJECT",
              "value": "."
            },
            {
              "name": "FUNCTIONS_EXTENSION_VERSION",
              "value": "~1"
            },
            {
              "name": "WEBSITE_NODE_DEFAULT_VERSION",
              "value": "6.5.0"
            },
            {
              "name": "ROUTING_EXTENSION_VERSION",
              "value": "~0.2"
            },
            {
              "name": "PROXY_TARGET_URL_AND_CONTAINER",
              "value": "[parameters('proxyTargetUrlAndContainer')]"
            }
          ]
        }
      },
      "resources": [
        {
          "apiVersion": "2015-04-01",
          "name": "web",
          "type": "sourcecontrols",
          "dependsOn": [
            "[resourceId('Microsoft.Web/Sites', variables('functionAppName'))]"
          ],
          "properties": {
            "repoUrl": "[parameters('repoUrl')]",
            "branch": "master",
            "IsManualIntegration": true
          }
        }
      ]
    }

  ]
}
