{
  "bindings": [
    {
      "authLevel": "anonymous",
      "name": "req",
      "type": "httpTrigger",
      "direction": "in",
      "route": "event/{id}",
      "methods": [
        "get"
      ]
    },
    {
      "name": "$return",
      "type": "http",
      "direction": "out"
    },
    {
      "type": "table",
      "name": "event",
      "tableName": "events",
      "partitionKey": "event",
      "rowKey": "{id}",
      "take": 50,
      "connection": "AzureWebJobsStorage",
      "direction": "in"
    }
  ],
  "disabled": false
}