{
  "bindings": [
    {
      "authLevel": "function",
      "name": "req",
      "type": "httpTrigger",
      "direction": "in"
    },
    {
      "name": "$return",
      "type": "http",
      "direction": "out"
    },
    {
      "type": "queue",
      "name": "emailsQueue",
      "queueName": "emails",
      "connection": "AzureWebJobsStorage",
      "direction": "out"
    },
    {
      "type": "table",
      "name": "eventsTable",
      "tableName": "events",
      "connection": "AzureWebJobsStorage",
      "direction": "out"
    }
  ],
  "disabled": false
}